DATE,ID,TYPE,CONTENTS
Sat Sep 14 2019 03:06:17 GMT+0900 (GMT+09:00),20427,USER,ADMIN 가 로그인을(를) 하였음
Sat Sep 14 2019 03:08:01 GMT+0900 (GMT+09:00),20428,USER,ADMIN 가 로그인을(를) 하였음
Sat Sep 14 2019 03:08:51 GMT+0900 (GMT+09:00),20429,USER,ADMIN 가 로그인을(를) 하였음
Sat Sep 14 2019 03:10:22 GMT+0900 (GMT+09:00),20430,USER,ADMIN 가 로그인을(를) 하였음
Sat Sep 14 2019 05:42:16 GMT+0900 (GMT+09:00),20431,USER,ADMIN 가 로그인을(를) 하였음
Sat Sep 14 2019 05:44:29 GMT+0900 (GMT+09:00),20432,USER,ADMIN 가 로그인을(를) 하였음
Sat Sep 14 2019 05:46:26 GMT+0900 (GMT+09:00),20433,USER,ADMIN 가 로그인을(를) 하였음
Sat Sep 14 2019 05:48:28 GMT+0900 (GMT+09:00),20434,USER,ADMIN 가 로그인을(를) 하였음
Sat Sep 14 2019 05:48:40 GMT+0900 (GMT+09:00),20435,USER,ADMIN 가 로그인을(를) 하였음
Sat Sep 14 2019 05:49:23 GMT+0900 (GMT+09:00),20436,USER,ADMIN 가 로그인을(를) 하였음
Sun Sep 15 2019 00:01:03 GMT+0900 (GMT+09:00),20437,USER,ADMIN 가 로그인을(를) 하였음
Sun Sep 15 2019 00:13:37 GMT+0900 (GMT+09:00),20438,USER,admin 가 로그인을(를) 하였음
Sun Sep 15 2019 00:19:26 GMT+0900 (GMT+09:00),20439,USER,ADMIN 가 로그인을(를) 하였음
Sun Sep 15 2019 00:23:35 GMT+0900 (GMT+09:00),20440,USER,ADMIN 가 로그인을(를) 하였음
Sun Sep 15 2019 00:25:13 GMT+0900 (GMT+09:00),20441,USER,ADMIN 가 로그인을(를) 하였음
Sun Sep 15 2019 00:28:52 GMT+0900 (GMT+09:00),20442,USER,ADMIN 가 로그인을(를) 하였음
Sun Sep 15 2019 00:30:44 GMT+0900 (GMT+09:00),20443,USER,ADMIN 가 로그인을(를) 하였음
Sun Sep 15 2019 00:32:16 GMT+0900 (GMT+09:00),20444,USER,ADMIN 가 로그인을(를) 하였음
Sun Sep 15 2019 00:37:30 GMT+0900 (GMT+09:00),20445,USER,ADMIN 가 로그인을(를) 하였음
Sun Sep 15 2019 00:40:18 GMT+0900 (GMT+09:00),20446,USER,ADMIN 가 로그인을(를) 하였음
Sun Sep 15 2019 00:41:18 GMT+0900 (GMT+09:00),20447,USER,ADMIN 가 로그인을(를) 하였음
Sun Sep 15 2019 00:42:04 GMT+0900 (GMT+09:00),20448,USER,ADMIN 가 로그인을(를) 하였음
Sun Sep 15 2019 00:43:07 GMT+0900 (GMT+09:00),20449,USER,ADMIN 가 로그인을(를) 하였음
Sun Sep 15 2019 00:50:57 GMT+0900 (GMT+09:00),20450,USER,ADMIN 가 로그인을(를) 하였음
Sun Sep 15 2019 00:53:32 GMT+0900 (GMT+09:00),20451,USER,ADMIN 가 로그인을(를) 하였음
Sun Sep 15 2019 00:57:57 GMT+0900 (GMT+09:00),20452,GROUP,ADMIN 가 그룹 에이전트 할당 정보 수정을(를) 하였음
Mon Sep 16 2019 09:40:22 GMT+0900 (GMT+09:00),20453,USER,admin 가 로그인을(를) 하였음
Mon Sep 16 2019 09:42:59 GMT+0900 (GMT+09:00),20454,USER,admin 가 로그인을(를) 하였음
Mon Sep 16 2019 10:07:14 GMT+0900 (GMT+09:00),20455,USER,admin 가 로그인을(를) 하였음
Mon Sep 16 2019 10:07:14 GMT+0900 (GMT+09:00),20456,USER,admin 가 로그인을(를) 하였음
Mon Sep 16 2019 10:45:53 GMT+0900 (GMT+09:00),20457,USER,admin 가 로그인을(를) 하였음
Mon Sep 16 2019 10:45:54 GMT+0900 (GMT+09:00),20458,USER,admin 가 로그인을(를) 하였음
Fri Sep 20 2019 05:33:23 GMT+0900 (GMT+09:00),20459,USER,ADMIN 가 로그인을(를) 하였음
Fri Sep 20 2019 05:48:58 GMT+0900 (GMT+09:00),20460,USER,ADMIN 가 로그인을(를) 하였음
Fri Sep 20 2019 06:03:40 GMT+0900 (GMT+09:00),20461,USER,ADMIN 가 로그인을(를) 하였음
Fri Sep 20 2019 08:09:04 GMT+0900 (GMT+09:00),20462,USER,ADMIN 가 로그인을(를) 하였음
Fri Sep 20 2019 08:43:57 GMT+0900 (GMT+09:00),20463,USER,ADMIN 가 로그인을(를) 하였음
Sun Sep 22 2019 11:10:05 GMT+0900 (GMT+09:00),20464,USER,ADMIN 가 로그인을(를) 하였음
Sun Sep 22 2019 11:10:05 GMT+0900 (GMT+09:00),20465,USER,ADMIN 가 로그인을(를) 하였음
Sun Sep 22 2019 11:40:35 GMT+0900 (GMT+09:00),20466,USER,ADMIN 가 로그인을(를) 하였음
Sun Sep 22 2019 12:49:59 GMT+0900 (GMT+09:00),20467,USER,ADMIN 가 로그인을(를) 하였음
Sun Sep 22 2019 17:43:54 GMT+0900 (GMT+09:00),20468,USER,dbswnschl 가 로그인을(를) 하였음
Sun Sep 22 2019 17:52:39 GMT+0900 (GMT+09:00),20469,USER,dbswnschl 가 로그인을(를) 하였음
Sun Sep 22 2019 18:03:22 GMT+0900 (GMT+09:00),20470,USER,admin 가 로그인을(를) 하였음
Sun Sep 22 2019 18:07:01 GMT+0900 (GMT+09:00),20471,USER,admin 가 로그인을(를) 하였음
Sun Sep 22 2019 18:07:09 GMT+0900 (GMT+09:00),20472,USER,admin 가 로그인을(를) 하였음
Sun Sep 22 2019 18:07:13 GMT+0900 (GMT+09:00),20473,USER,admin 가 로그인을(를) 하였음
Sun Sep 22 2019 18:10:21 GMT+0900 (GMT+09:00),20474,USER,dbswnschl 가 로그인을(를) 하였음
Sun Sep 22 2019 18:11:00 GMT+0900 (GMT+09:00),20475,USER,dbswnschl 가 로그인을(를) 하였음
Sun Sep 22 2019 18:11:12 GMT+0900 (GMT+09:00),20476,USER,dbswnschl 가 로그인을(를) 하였음
Sun Sep 22 2019 18:11:40 GMT+0900 (GMT+09:00),20477,USER,dbswnschl 가 로그인을(를) 하였음
Sun Sep 22 2019 18:12:14 GMT+0900 (GMT+09:00),20478,USER,dbswnschl 가 로그인을(를) 하였음
Sun Sep 22 2019 18:18:48 GMT+0900 (GMT+09:00),20479,USER,dbswnschl 가 로그인을(를) 하였음
Sun Sep 22 2019 18:19:56 GMT+0900 (GMT+09:00),20480,USER,dbswnschl 가 로그인을(를) 하였음
Sun Sep 22 2019 18:20:17 GMT+0900 (GMT+09:00),20481,USER,dbswnschl 가 로그인을(를) 하였음
Sun Sep 22 2019 19:55:54 GMT+0900 (GMT+09:00),20482,USER,admin 가 로그인을(를) 하였음
Sun Sep 22 2019 20:03:28 GMT+0900 (GMT+09:00),20483,USER,admin 가 로그인을(를) 하였음
Sun Sep 22 2019 20:05:29 GMT+0900 (GMT+09:00),20484,USER,admin 가 로그인을(를) 하였음
Sun Sep 22 2019 20:24:25 GMT+0900 (GMT+09:00),20485,USER,admin 가 로그인을(를) 하였음
Sun Sep 22 2019 20:24:44 GMT+0900 (GMT+09:00),20486,USER,dbswnschl 가 로그인을(를) 하였음
Sun Sep 22 2019 20:28:50 GMT+0900 (GMT+09:00),20487,USER,dbswnschl 가 로그인을(를) 하였음
Sun Sep 22 2019 20:29:31 GMT+0900 (GMT+09:00),20488,USER,dbswnschl 가 로그인을(를) 하였음
Sun Sep 22 2019 20:38:30 GMT+0900 (GMT+09:00),20489,USER,dbswnschl 가 로그인을(를) 하였음
Sun Sep 22 2019 20:40:34 GMT+0900 (GMT+09:00),20490,USER,dbswnschl 가 로그인을(를) 하였음
Sun Sep 22 2019 21:51:46 GMT+0900 (GMT+09:00),20491,USER,dbswnschl 가 로그인을(를) 하였음
Sun Sep 22 2019 21:52:37 GMT+0900 (GMT+09:00),20492,AGENT,dbswnschl 가 에이전트 등록을(를) 하였음
Sun Sep 22 2019 21:52:45 GMT+0900 (GMT+09:00),20493,AGENT,dbswnschl 가 등록을(를) 하였음
Sun Sep 22 2019 21:56:31 GMT+0900 (GMT+09:00),20494,USER,dbswnschl 가 로그인을(를) 하였음
Sun Sep 22 2019 21:58:06 GMT+0900 (GMT+09:00),20495,USER,dbswnschl 가 로그인을(를) 하였음
Sun Sep 22 2019 22:07:07 GMT+0900 (GMT+09:00),20496,USER,dbswnschl 가 로그인을(를) 하였음
Sun Sep 22 2019 22:09:51 GMT+0900 (GMT+09:00),20497,USER,dbswnschl 가 로그인을(를) 하였음
Sun Sep 22 2019 22:11:02 GMT+0900 (GMT+09:00),20498,USER,dbswnschl 가 로그인을(를) 하였음
Sun Sep 22 2019 22:11:20 GMT+0900 (GMT+09:00),20499,USER,dbswnschl 가 로그인을(를) 하였음
Sun Sep 22 2019 22:12:39 GMT+0900 (GMT+09:00),20500,USER,dbswnschl 가 로그인을(를) 하였음
Sun Sep 22 2019 22:15:40 GMT+0900 (GMT+09:00),20501,USER,dbswnschl 가 로그인을(를) 하였음
Sun Sep 22 2019 22:16:06 GMT+0900 (GMT+09:00),20502,USER,dbswnschl 가 로그인을(를) 하였음
Sun Sep 22 2019 22:19:00 GMT+0900 (GMT+09:00),20503,USER,dbswnschl 가 로그인을(를) 하였음
Sun Sep 22 2019 22:19:30 GMT+0900 (GMT+09:00),20504,USER,dbswnschl 가 로그인을(를) 하였음
Sun Sep 22 2019 22:20:37 GMT+0900 (GMT+09:00),20505,USER,dbswnschl 가 로그인을(를) 하였음
Sun Sep 22 2019 22:21:09 GMT+0900 (GMT+09:00),20506,USER,dbswnschl 가 로그인을(를) 하였음
Sun Sep 22 2019 22:21:37 GMT+0900 (GMT+09:00),20507,USER,dbswnschl 가 로그인을(를) 하였음
Sun Sep 22 2019 22:23:31 GMT+0900 (GMT+09:00),20508,USER,dbswnschl 가 로그인을(를) 하였음
Sun Sep 22 2019 22:47:25 GMT+0900 (GMT+09:00),20509,USER,dbswnschl 가 로그인을(를) 하였음
Sun Sep 22 2019 22:47:48 GMT+0900 (GMT+09:00),20510,AGENT,dbswnschl 가 정보수정을(를) 하였음
Sun Sep 22 2019 22:49:37 GMT+0900 (GMT+09:00),20511,USER,dbswnschl 가 로그인을(를) 하였음
Sun Sep 22 2019 22:55:22 GMT+0900 (GMT+09:00),20512,USER,dbswnschl 가 로그인을(를) 하였음
Sun Sep 22 2019 22:55:31 GMT+0900 (GMT+09:00),20513,AGENT,dbswnschl 가 정보수정을(를) 하였음
Sun Sep 22 2019 23:05:36 GMT+0900 (GMT+09:00),20514,USER,dbswnschl 가 로그인을(를) 하였음
Sun Sep 22 2019 23:06:10 GMT+0900 (GMT+09:00),20515,AGENT,dbswnschl 가 에이전트 등록을(를) 하였음
Sun Sep 22 2019 23:06:16 GMT+0900 (GMT+09:00),20516,AGENT,dbswnschl 가 등록을(를) 하였음
Sun Sep 22 2019 23:06:42 GMT+0900 (GMT+09:00),20517,GROUP,dbswnschl 가 그룹 에이전트 할당 정보 수정을(를) 하였음
Sun Sep 22 2019 23:06:53 GMT+0900 (GMT+09:00),20518,GROUP,dbswnschl 가 그룹 정책 적용 정보 수정을(를) 하였음
Sun Sep 22 2019 23:12:12 GMT+0900 (GMT+09:00),20519,USER,dbswnschl 가 로그인을(를) 하였음
Sun Sep 22 2019 23:42:47 GMT+0900 (GMT+09:00),20520,USER,dbswnschl 가 로그인을(를) 하였음
Sun Sep 22 2019 23:44:33 GMT+0900 (GMT+09:00),20521,USER,dbswnschl 가 로그인을(를) 하였음
Sun Sep 22 2019 23:46:08 GMT+0900 (GMT+09:00),20522,USER,dbswnschl 가 로그인을(를) 하였음
Sun Sep 22 2019 23:47:54 GMT+0900 (GMT+09:00),20523,USER,dbswnschl 가 로그인을(를) 하였음
Sun Sep 22 2019 23:48:40 GMT+0900 (GMT+09:00),20524,USER,dbswnschl 가 로그인을(를) 하였음
Sun Sep 22 2019 23:49:48 GMT+0900 (GMT+09:00),20525,USER,dbswnschl 가 로그인을(를) 하였음
Sun Sep 22 2019 23:51:45 GMT+0900 (GMT+09:00),20526,USER,dbswnschl 가 로그인을(를) 하였음
Sun Sep 22 2019 23:52:59 GMT+0900 (GMT+09:00),20527,USER,dbswnschl 가 로그인을(를) 하였음
Sun Sep 22 2019 23:59:34 GMT+0900 (GMT+09:00),20528,USER,dbswnschl 가 로그인을(를) 하였음
Mon Sep 23 2019 00:00:08 GMT+0900 (GMT+09:00),20529,USER,dbswnschl 가 로그인을(를) 하였음
Mon Sep 23 2019 00:02:13 GMT+0900 (GMT+09:00),20530,USER,dbswnschl 가 로그인을(를) 하였음
Mon Sep 23 2019 00:07:45 GMT+0900 (GMT+09:00),20531,USER,dbswnschl 가 로그인을(를) 하였음
Mon Sep 23 2019 00:16:46 GMT+0900 (GMT+09:00),20532,USER,dbswnschl 가 로그인을(를) 하였음
Mon Sep 23 2019 00:20:06 GMT+0900 (GMT+09:00),20533,USER,dbswnschl 가 로그인을(를) 하였음
Mon Sep 23 2019 00:29:58 GMT+0900 (GMT+09:00),20534,USER,dbswnschl 가 로그인을(를) 하였음
Mon Sep 23 2019 00:31:02 GMT+0900 (GMT+09:00),20535,USER,dbswnschl 가 로그인을(를) 하였음
Mon Sep 23 2019 00:31:38 GMT+0900 (GMT+09:00),20536,USER,dbswnschl 가 로그인을(를) 하였음
Mon Sep 23 2019 00:34:30 GMT+0900 (GMT+09:00),20537,USER,dbswnschl 가 로그인을(를) 하였음
Mon Sep 23 2019 00:37:01 GMT+0900 (GMT+09:00),20538,USER,dbswnschl 가 로그인을(를) 하였음
Mon Sep 23 2019 00:38:26 GMT+0900 (GMT+09:00),20539,USER,dbswnschl 가 로그인을(를) 하였음
Mon Sep 23 2019 00:41:36 GMT+0900 (GMT+09:00),20540,USER,dbswnschl 가 로그인을(를) 하였음
Mon Sep 23 2019 00:42:51 GMT+0900 (GMT+09:00),20541,USER,dbswnschl 가 로그인을(를) 하였음
Tue Sep 24 2019 00:16:45 GMT+0900 (GMT+09:00),20542,USER,ADMIN 가 로그인을(를) 하였음
Tue Sep 24 2019 00:16:45 GMT+0900 (GMT+09:00),20543,USER,ADMIN 가 로그인을(를) 하였음
Tue Sep 24 2019 00:18:36 GMT+0900 (GMT+09:00),20544,USER,ADMIN 가 로그인을(를) 하였음
Tue Sep 24 2019 00:20:22 GMT+0900 (GMT+09:00),20545,USER,ADMIN 가 로그인을(를) 하였음
Tue Sep 24 2019 01:45:35 GMT+0900 (GMT+09:00),20546,USER,ADMIN 가 로그인을(를) 하였음
Thu Sep 26 2019 04:32:32 GMT+0900 (GMT+09:00),20547,USER,ADMIN 가 로그인을(를) 하였음
Thu Sep 26 2019 04:47:31 GMT+0900 (GMT+09:00),20548,USER,ADMIN 가 로그인을(를) 하였음
Thu Sep 26 2019 04:48:21 GMT+0900 (GMT+09:00),20549,USER,ADMIN 가 로그인을(를) 하였음
Thu Sep 26 2019 04:49:29 GMT+0900 (GMT+09:00),20550,USER,ADMIN 가 로그인을(를) 하였음
Thu Sep 26 2019 04:51:35 GMT+0900 (GMT+09:00),20551,USER,ADMIN 가 로그인을(를) 하였음
Thu Sep 26 2019 04:52:30 GMT+0900 (GMT+09:00),20552,USER,ADMIN 가 로그인을(를) 하였음
Thu Sep 26 2019 04:53:41 GMT+0900 (GMT+09:00),20553,USER,ADMIN 가 로그인을(를) 하였음
Thu Sep 26 2019 04:54:21 GMT+0900 (GMT+09:00),20554,USER,ADMIN 가 로그인을(를) 하였음
Thu Sep 26 2019 04:54:53 GMT+0900 (GMT+09:00),20555,USER,ADMIN 가 로그인을(를) 하였음
Thu Sep 26 2019 04:55:17 GMT+0900 (GMT+09:00),20556,USER,ADMIN 가 로그인을(를) 하였음
Thu Sep 26 2019 07:21:37 GMT+0900 (GMT+09:00),20557,USER,ADMIN 가 로그인을(를) 하였음
Fri Sep 27 2019 05:02:58 GMT+0900 (GMT+09:00),20558,USER,ADMIN 가 로그인을(를) 하였음
Fri Sep 27 2019 05:05:18 GMT+0900 (GMT+09:00),20559,USER,ADMIN 가 로그인을(를) 하였음
Fri Sep 27 2019 05:16:30 GMT+0900 (GMT+09:00),20560,USER,ADMIN 가 로그인을(를) 하였음
Fri Sep 27 2019 05:19:07 GMT+0900 (GMT+09:00),20561,USER,ADMIN 가 로그인을(를) 하였음
Fri Sep 27 2019 05:23:57 GMT+0900 (GMT+09:00),20562,USER,ADMIN 가 로그인을(를) 하였음
Fri Sep 27 2019 06:02:34 GMT+0900 (GMT+09:00),20563,USER,ADMIN 가 로그인을(를) 하였음
Fri Sep 27 2019 06:03:34 GMT+0900 (GMT+09:00),20564,USER,ADMIN 가 로그인을(를) 하였음
Fri Sep 27 2019 06:04:28 GMT+0900 (GMT+09:00),20565,USER,ADMIN 가 로그인을(를) 하였음
Fri Sep 27 2019 06:05:28 GMT+0900 (GMT+09:00),20566,USER,ADMIN 가 로그인을(를) 하였음
Fri Sep 27 2019 06:06:18 GMT+0900 (GMT+09:00),20567,USER,ADMIN 가 로그인을(를) 하였음
Fri Sep 27 2019 06:06:55 GMT+0900 (GMT+09:00),20568,USER,ADMIN 가 로그인을(를) 하였음
Fri Sep 27 2019 06:08:03 GMT+0900 (GMT+09:00),20569,USER,ADMIN 가 로그인을(를) 하였음
Fri Sep 27 2019 06:09:01 GMT+0900 (GMT+09:00),20570,USER,ADMIN 가 로그인을(를) 하였음
Fri Sep 27 2019 06:10:02 GMT+0900 (GMT+09:00),20571,USER,ADMIN 가 로그인을(를) 하였음
Fri Sep 27 2019 06:11:28 GMT+0900 (GMT+09:00),20572,USER,ADMIN 가 로그인을(를) 하였음
Fri Sep 27 2019 06:12:37 GMT+0900 (GMT+09:00),20573,USER,ADMIN 가 로그인을(를) 하였음
Fri Sep 27 2019 06:13:19 GMT+0900 (GMT+09:00),20574,USER,ADMIN 가 로그인을(를) 하였음
Fri Sep 27 2019 06:14:28 GMT+0900 (GMT+09:00),20575,USER,ADMIN 가 로그인을(를) 하였음
Fri Sep 27 2019 06:15:52 GMT+0900 (GMT+09:00),20576,USER,ADMIN 가 로그인을(를) 하였음
Fri Sep 27 2019 06:17:23 GMT+0900 (GMT+09:00),20577,USER,ADMIN 가 로그인을(를) 하였음
Fri Sep 27 2019 06:20:15 GMT+0900 (GMT+09:00),20578,USER,ADMIN 가 로그인을(를) 하였음
Fri Sep 27 2019 06:22:23 GMT+0900 (GMT+09:00),20579,USER,ADMIN 가 로그인을(를) 하였음
Fri Sep 27 2019 06:23:40 GMT+0900 (GMT+09:00),20580,USER,ADMIN 가 로그인을(를) 하였음
Fri Sep 27 2019 06:26:19 GMT+0900 (GMT+09:00),20581,USER,ADMIN 가 로그인을(를) 하였음
Fri Sep 27 2019 06:27:01 GMT+0900 (GMT+09:00),20582,USER,ADMIN 가 로그인을(를) 하였음
Fri Sep 27 2019 06:29:08 GMT+0900 (GMT+09:00),20583,USER,ADMIN 가 로그인을(를) 하였음
Fri Sep 27 2019 06:57:39 GMT+0900 (GMT+09:00),20584,USER,ADMIN 가 로그인을(를) 하였음
Fri Sep 27 2019 06:59:34 GMT+0900 (GMT+09:00),20585,USER,ADMIN 가 로그인을(를) 하였음
Fri Sep 27 2019 07:00:05 GMT+0900 (GMT+09:00),20586,USER,ADMIN 가 로그인을(를) 하였음
Fri Sep 27 2019 07:28:15 GMT+0900 (GMT+09:00),20587,USER,ADMIN 가 로그인을(를) 하였음
Fri Sep 27 2019 07:30:15 GMT+0900 (GMT+09:00),20588,USER,ADMIN 가 로그인을(를) 하였음
Fri Sep 27 2019 08:45:18 GMT+0900 (GMT+09:00),20589,USER,ADMIN 가 로그인을(를) 하였음
Sat Sep 28 2019 07:38:09 GMT+0900 (GMT+09:00),20590,USER,admin 가 로그인을(를) 하였음
Sun Sep 29 2019 19:17:22 GMT+0900 (GMT+09:00),20591,USER,dbswnschl 가 로그인을(를) 하였음
Sun Sep 29 2019 19:46:40 GMT+0900 (GMT+09:00),20592,USER,admin 가 로그인을(를) 하였음
Sun Sep 29 2019 20:03:11 GMT+0900 (GMT+09:00),20593,USER,dbswnschl 가 로그인을(를) 하였음
Sun Sep 29 2019 20:10:16 GMT+0900 (GMT+09:00),20594,USER,dbswnschl 가 로그인을(를) 하였음
Sun Sep 29 2019 20:13:08 GMT+0900 (GMT+09:00),20595,USER,dbswnschl 가 로그인을(를) 하였음
Sun Sep 29 2019 20:16:14 GMT+0900 (GMT+09:00),20596,USER,dbswnschl 가 로그인을(를) 하였음
Sun Sep 29 2019 20:20:03 GMT+0900 (GMT+09:00),20597,USER,dbswnschl 가 로그인을(를) 하였음
Sun Sep 29 2019 20:20:35 GMT+0900 (GMT+09:00),20598,USER,dbswnschl 가 로그인을(를) 하였음
Sun Sep 29 2019 20:21:03 GMT+0900 (GMT+09:00),20599,USER,dbswnschl 가 로그인을(를) 하였음
Sun Sep 29 2019 20:21:32 GMT+0900 (GMT+09:00),20600,USER,dbswnschl 가 로그인을(를) 하였음
Sun Sep 29 2019 20:21:57 GMT+0900 (GMT+09:00),20601,USER,dbswnschl 가 로그인을(를) 하였음
Sun Sep 29 2019 20:23:08 GMT+0900 (GMT+09:00),20602,USER,dbswnschl 가 로그인을(를) 하였음
Sun Sep 29 2019 20:23:35 GMT+0900 (GMT+09:00),20603,USER,dbswnschl 가 로그인을(를) 하였음
Sun Sep 29 2019 21:08:56 GMT+0900 (GMT+09:00),20604,USER,dbswnschl 가 로그인을(를) 하였음
Sun Sep 29 2019 21:18:51 GMT+0900 (GMT+09:00),20605,USER,dbswnschl 가 로그인을(를) 하였음
Sun Sep 29 2019 21:20:10 GMT+0900 (GMT+09:00),20606,USER,dbswnschl 가 로그인을(를) 하였음
Sun Sep 29 2019 21:20:53 GMT+0900 (GMT+09:00),20607,USER,dbswnschl 가 로그인을(를) 하였음
Sun Sep 29 2019 21:21:26 GMT+0900 (GMT+09:00),20608,USER,dbswnschl 가 로그인을(를) 하였음
Sun Sep 29 2019 21:21:52 GMT+0900 (GMT+09:00),20609,USER,dbswnschl 가 로그인을(를) 하였음
Sun Sep 29 2019 21:23:15 GMT+0900 (GMT+09:00),20610,USER,dbswnschl 가 로그인을(를) 하였음
Sun Sep 29 2019 21:23:44 GMT+0900 (GMT+09:00),20611,USER,dbswnschl 가 로그인을(를) 하였음
Sun Sep 29 2019 21:25:11 GMT+0900 (GMT+09:00),20612,USER,dbswnschl 가 로그인을(를) 하였음
Sun Sep 29 2019 21:25:43 GMT+0900 (GMT+09:00),20613,USER,dbswnschl 가 로그인을(를) 하였음
Sun Sep 29 2019 21:38:38 GMT+0900 (GMT+09:00),20614,USER,dbswnschl 가 로그인을(를) 하였음
Sun Sep 29 2019 21:41:23 GMT+0900 (GMT+09:00),20615,USER,dbswnschl 가 로그인을(를) 하였음
Sun Sep 29 2019 21:42:01 GMT+0900 (GMT+09:00),20616,USER,dbswnschl 가 로그인을(를) 하였음
Sun Sep 29 2019 21:43:26 GMT+0900 (GMT+09:00),20617,USER,dbswnschl 가 로그인을(를) 하였음
Sun Sep 29 2019 21:44:05 GMT+0900 (GMT+09:00),20618,USER,dbswnschl 가 로그인을(를) 하였음
Sun Sep 29 2019 21:44:59 GMT+0900 (GMT+09:00),20619,USER,dbswnschl 가 로그인을(를) 하였음
Sun Sep 29 2019 22:11:05 GMT+0900 (GMT+09:00),20620,USER,dbswnschl 가 로그인을(를) 하였음
Sun Sep 29 2019 22:12:39 GMT+0900 (GMT+09:00),20621,USER,dbswnschl 가 로그인을(를) 하였음
Sun Sep 29 2019 22:13:20 GMT+0900 (GMT+09:00),20622,USER,dbswnschl 가 로그인을(를) 하였음
Sun Sep 29 2019 22:22:31 GMT+0900 (GMT+09:00),20623,USER,dbswnschl 가 로그인을(를) 하였음
Sun Sep 29 2019 23:01:00 GMT+0900 (GMT+09:00),20624,USER,dbswnschl 가 로그인을(를) 하였음
Sun Sep 29 2019 23:01:47 GMT+0900 (GMT+09:00),20625,USER,dbswnschl 가 로그인을(를) 하였음
Sun Sep 29 2019 23:05:24 GMT+0900 (GMT+09:00),20626,USER,admin 가 로그인을(를) 하였음
Mon Sep 30 2019 05:36:24 GMT+0900 (GMT+09:00),20627,USER,ADMIN 가 로그인을(를) 하였음
Mon Sep 30 2019 05:43:01 GMT+0900 (GMT+09:00),20628,USER,ADMIN 가 로그인을(를) 하였음
Mon Sep 30 2019 11:40:19 GMT+0900 (GMT+09:00),20629,USER,admin 가 로그인을(를) 하였음
Mon Sep 30 2019 22:35:42 GMT+0900 (GMT+09:00),20630,USER,admin 가 로그인을(를) 하였음
Mon Sep 30 2019 23:01:40 GMT+0900 (GMT+09:00),20631,USER,admin 가 로그인을(를) 하였음
Mon Sep 30 2019 23:01:40 GMT+0900 (GMT+09:00),20632,USER,admin 가 로그인을(를) 하였음
Mon Sep 30 2019 23:02:24 GMT+0900 (GMT+09:00),20633,USER,admin 가 로그인을(를) 하였음
Mon Sep 30 2019 23:02:24 GMT+0900 (GMT+09:00),20634,USER,admin 가 로그인을(를) 하였음
Mon Sep 30 2019 23:03:11 GMT+0900 (GMT+09:00),20635,USER,admin 가 로그인을(를) 하였음
Mon Sep 30 2019 23:03:11 GMT+0900 (GMT+09:00),20636,USER,admin 가 로그인을(를) 하였음
Mon Sep 30 2019 23:09:47 GMT+0900 (GMT+09:00),20637,USER,admin 가 로그인을(를) 하였음
Mon Sep 30 2019 23:09:48 GMT+0900 (GMT+09:00),20638,USER,admin 가 로그인을(를) 하였음
Tue Oct 01 2019 00:08:17 GMT+0900 (GMT+09:00),20639,USER,admin 가 로그인을(를) 하였음
Tue Oct 01 2019 00:10:56 GMT+0900 (GMT+09:00),20640,USER,admin 가 로그인을(를) 하였음
Tue Oct 01 2019 00:59:23 GMT+0900 (GMT+09:00),20641,USER,admin 가 로그인을(를) 하였음
Tue Oct 01 2019 01:05:09 GMT+0900 (GMT+09:00),20642,USER,admin 가 로그인을(를) 하였음
Tue Oct 01 2019 01:06:32 GMT+0900 (GMT+09:00),20643,USER,admin 가 로그인을(를) 하였음
Tue Oct 01 2019 01:25:17 GMT+0900 (GMT+09:00),20644,USER,admin 가 로그인을(를) 하였음
Tue Oct 01 2019 01:26:04 GMT+0900 (GMT+09:00),20645,USER,admin 가 로그인을(를) 하였음
Tue Oct 01 2019 01:44:37 GMT+0900 (GMT+09:00),20646,USER,admin 가 로그인을(를) 하였음
Tue Oct 01 2019 01:44:38 GMT+0900 (GMT+09:00),20647,USER,admin 가 로그인을(를) 하였음
Tue Oct 01 2019 01:45:11 GMT+0900 (GMT+09:00),20648,USER,admin 가 로그인을(를) 하였음
Tue Oct 01 2019 02:10:20 GMT+0900 (GMT+09:00),20649,USER,admin 가 로그인을(를) 하였음
Tue Oct 01 2019 04:08:07 GMT+0900 (GMT+09:00),20650,USER,admin 가 로그인을(를) 하였음
Tue Oct 01 2019 04:08:07 GMT+0900 (GMT+09:00),20651,USER,admin 가 로그인을(를) 하였음
Tue Oct 01 2019 04:10:23 GMT+0900 (GMT+09:00),20652,USER,admin 가 로그인을(를) 하였음
Tue Oct 01 2019 04:19:30 GMT+0900 (GMT+09:00),20653,USER,admin 가 로그인을(를) 하였음
Tue Oct 01 2019 04:27:28 GMT+0900 (GMT+09:00),20654,USER,admin 가 로그인을(를) 하였음
Tue Oct 01 2019 04:29:26 GMT+0900 (GMT+09:00),20655,USER,admin 가 로그인을(를) 하였음
Tue Oct 01 2019 04:37:17 GMT+0900 (GMT+09:00),20656,USER,admin 가 로그인을(를) 하였음
Tue Oct 01 2019 04:42:33 GMT+0900 (GMT+09:00),20657,USER,admin 가 로그인을(를) 하였음
Tue Oct 01 2019 04:43:57 GMT+0900 (GMT+09:00),20658,USER,admin 가 로그인을(를) 하였음
Tue Oct 01 2019 04:47:39 GMT+0900 (GMT+09:00),20659,USER,admin 가 로그인을(를) 하였음
Tue Oct 01 2019 05:06:16 GMT+0900 (GMT+09:00),20660,USER,admin 가 로그인을(를) 하였음
Tue Oct 01 2019 05:07:08 GMT+0900 (GMT+09:00),20661,USER,admin 가 로그인을(를) 하였음
Tue Oct 01 2019 05:08:06 GMT+0900 (GMT+09:00),20662,USER,admin 가 로그인을(를) 하였음
Tue Oct 01 2019 05:09:01 GMT+0900 (GMT+09:00),20663,USER,admin 가 로그인을(를) 하였음
Tue Oct 01 2019 05:09:01 GMT+0900 (GMT+09:00),20664,USER,admin 가 로그인을(를) 하였음
Thu Oct 03 2019 04:26:34 GMT+0900 (GMT+09:00),20665,USER,admin 가 로그인을(를) 하였음
Thu Oct 03 2019 07:52:50 GMT+0900 (GMT+09:00),20666,USER,dbswnschl 가 로그인을(를) 하였음
Thu Oct 03 2019 08:30:57 GMT+0900 (GMT+09:00),20667,USER,dbswnschl 가 로그인을(를) 하였음
Thu Oct 03 2019 08:32:00 GMT+0900 (GMT+09:00),20668,USER,dbswnschl 가 로그인을(를) 하였음
Thu Oct 03 2019 08:34:58 GMT+0900 (GMT+09:00),20669,USER,dbswnschl 가 로그인을(를) 하였음
Thu Oct 03 2019 08:38:15 GMT+0900 (GMT+09:00),20670,USER,dbswnschl 가 로그인을(를) 하였음
Thu Oct 03 2019 08:38:58 GMT+0900 (GMT+09:00),20671,USER,dbswnschl 가 로그인을(를) 하였음
Thu Oct 03 2019 08:39:41 GMT+0900 (GMT+09:00),20672,USER,dbswnschl 가 로그인을(를) 하였음
Thu Oct 03 2019 08:40:20 GMT+0900 (GMT+09:00),20673,USER,dbswnschl 가 로그인을(를) 하였음
Thu Oct 03 2019 08:44:44 GMT+0900 (GMT+09:00),20674,USER,dbswnschl 가 로그인을(를) 하였음
Thu Oct 03 2019 08:45:23 GMT+0900 (GMT+09:00),20675,USER,dbswnschl 가 로그인을(를) 하였음
Thu Oct 03 2019 08:46:04 GMT+0900 (GMT+09:00),20676,USER,dbswnschl 가 로그인을(를) 하였음
Thu Oct 03 2019 08:55:07 GMT+0900 (GMT+09:00),20677,USER,dbswnschl 가 로그인을(를) 하였음
Thu Oct 03 2019 08:55:48 GMT+0900 (GMT+09:00),20678,USER,dbswnschl 가 로그인을(를) 하였음
Thu Oct 03 2019 08:57:29 GMT+0900 (GMT+09:00),20679,USER,admin 가 로그인을(를) 하였음
Fri Oct 04 2019 00:44:48 GMT+0900 (GMT+09:00),20680,USER,ADMIN 가 로그인을(를) 하였음
Fri Oct 04 2019 05:04:30 GMT+0900 (GMT+09:00),20681,USER,dbswnschl 가 로그인을(를) 하였음
Fri Oct 04 2019 05:15:25 GMT+0900 (GMT+09:00),20682,USER,dbswnschl 가 로그인을(를) 하였음
Fri Oct 04 2019 05:16:06 GMT+0900 (GMT+09:00),20683,USER,dbswnschl 가 로그인을(를) 하였음
Fri Oct 04 2019 05:16:33 GMT+0900 (GMT+09:00),20684,USER,dbswnschl 가 로그인을(를) 하였음
Fri Oct 04 2019 05:17:04 GMT+0900 (GMT+09:00),20685,USER,dbswnschl 가 로그인을(를) 하였음
Fri Oct 04 2019 05:18:08 GMT+0900 (GMT+09:00),20686,USER,dbswnschl 가 로그인을(를) 하였음
Fri Oct 04 2019 05:21:42 GMT+0900 (GMT+09:00),20687,USER,dbswnschl 가 로그인을(를) 하였음
Fri Oct 04 2019 05:22:28 GMT+0900 (GMT+09:00),20688,USER,dbswnschl 가 로그인을(를) 하였음
Fri Oct 04 2019 05:23:39 GMT+0900 (GMT+09:00),20689,USER,dbswnschl 가 로그인을(를) 하였음
Fri Oct 04 2019 05:28:10 GMT+0900 (GMT+09:00),20690,USER,dbswnschl 가 로그인을(를) 하였음
Fri Oct 04 2019 05:28:46 GMT+0900 (GMT+09:00),20691,USER,dbswnschl 가 로그인을(를) 하였음
Fri Oct 04 2019 05:29:51 GMT+0900 (GMT+09:00),20692,USER,dbswnschl 가 로그인을(를) 하였음
Fri Oct 04 2019 05:32:32 GMT+0900 (GMT+09:00),20693,USER,dbswnschl 가 로그인을(를) 하였음
Fri Oct 04 2019 05:36:25 GMT+0900 (GMT+09:00),20694,USER,dbswnschl 가 로그인을(를) 하였음
Fri Oct 04 2019 05:38:23 GMT+0900 (GMT+09:00),20695,USER,dbswnschl 가 로그인을(를) 하였음
Fri Oct 04 2019 05:39:13 GMT+0900 (GMT+09:00),20696,USER,dbswnschl 가 로그인을(를) 하였음
Fri Oct 04 2019 05:39:22 GMT+0900 (GMT+09:00),20697,USER,dbswnschl 가 로그인을(를) 하였음
Fri Oct 04 2019 05:40:15 GMT+0900 (GMT+09:00),20698,USER,dbswnschl 가 로그인을(를) 하였음
Fri Oct 04 2019 05:40:48 GMT+0900 (GMT+09:00),20699,USER,dbswnschl 가 로그인을(를) 하였음
Fri Oct 04 2019 05:43:32 GMT+0900 (GMT+09:00),20700,USER,dbswnschl 가 로그인을(를) 하였음
Fri Oct 04 2019 05:43:58 GMT+0900 (GMT+09:00),20701,USER,dbswnschl 가 로그인을(를) 하였음
Fri Oct 04 2019 05:52:11 GMT+0900 (GMT+09:00),20702,USER,dbswnschl 가 로그인을(를) 하였음
Fri Oct 04 2019 05:53:21 GMT+0900 (GMT+09:00),20703,USER,dbswnschl 가 로그인을(를) 하였음
Fri Oct 04 2019 05:53:50 GMT+0900 (GMT+09:00),20704,USER,dbswnschl 가 로그인을(를) 하였음
Fri Oct 04 2019 05:54:34 GMT+0900 (GMT+09:00),20705,USER,dbswnschl 가 로그인을(를) 하였음
Fri Oct 04 2019 05:55:27 GMT+0900 (GMT+09:00),20706,USER,dbswnschl 가 로그인을(를) 하였음
Fri Oct 04 2019 05:56:08 GMT+0900 (GMT+09:00),20707,USER,dbswnschl 가 로그인을(를) 하였음
Fri Oct 04 2019 06:02:20 GMT+0900 (GMT+09:00),20708,USER,dbswnschl 가 로그인을(를) 하였음
Fri Oct 04 2019 06:03:09 GMT+0900 (GMT+09:00),20709,USER,dbswnschl 가 로그인을(를) 하였음
Fri Oct 04 2019 06:03:52 GMT+0900 (GMT+09:00),20710,USER,dbswnschl 가 로그인을(를) 하였음
Fri Oct 04 2019 06:04:25 GMT+0900 (GMT+09:00),20711,USER,dbswnschl 가 로그인을(를) 하였음
Fri Oct 04 2019 06:14:32 GMT+0900 (GMT+09:00),20712,USER,dbswnschl 가 로그인을(를) 하였음
Fri Oct 04 2019 06:25:20 GMT+0900 (GMT+09:00),20713,USER,dbswnschl 가 로그인을(를) 하였음
Fri Oct 04 2019 06:26:35 GMT+0900 (GMT+09:00),20714,USER,dbswnschl 가 로그인을(를) 하였음
Fri Oct 04 2019 06:36:29 GMT+0900 (GMT+09:00),20715,USER,dbswnschl 가 로그인을(를) 하였음
Fri Oct 04 2019 06:38:30 GMT+0900 (GMT+09:00),20716,USER,dbswnschl 가 로그인을(를) 하였음
Fri Oct 04 2019 06:40:37 GMT+0900 (GMT+09:00),20717,USER,dbswnschl 가 로그인을(를) 하였음
Fri Oct 04 2019 06:41:20 GMT+0900 (GMT+09:00),20718,USER,dbswnschl 가 로그인을(를) 하였음
Fri Oct 04 2019 06:41:59 GMT+0900 (GMT+09:00),20719,USER,dbswnschl 가 로그인을(를) 하였음
Fri Oct 04 2019 06:43:55 GMT+0900 (GMT+09:00),20720,USER,dbswnschl 가 로그인을(를) 하였음
Fri Oct 04 2019 06:44:27 GMT+0900 (GMT+09:00),20721,USER,dbswnschl 가 로그인을(를) 하였음
Fri Oct 04 2019 06:47:32 GMT+0900 (GMT+09:00),20722,USER,dbswnschl 가 로그인을(를) 하였음
Fri Oct 04 2019 06:48:47 GMT+0900 (GMT+09:00),20723,USER,dbswnschl 가 로그인을(를) 하였음
Fri Oct 04 2019 06:49:44 GMT+0900 (GMT+09:00),20724,USER,dbswnschl 가 로그인을(를) 하였음
Fri Oct 04 2019 06:51:10 GMT+0900 (GMT+09:00),20725,USER,dbswnschl 가 로그인을(를) 하였음
Fri Oct 04 2019 06:59:24 GMT+0900 (GMT+09:00),20726,USER,dbswnschl 가 로그인을(를) 하였음
Fri Oct 04 2019 07:04:06 GMT+0900 (GMT+09:00),20727,USER,dbswnschl 가 로그인을(를) 하였음
Fri Oct 04 2019 07:08:29 GMT+0900 (GMT+09:00),20728,USER,dbswnschl 가 로그인을(를) 하였음
Fri Oct 04 2019 07:15:25 GMT+0900 (GMT+09:00),20729,USER,dbswnschl 가 로그인을(를) 하였음
Fri Oct 04 2019 07:17:17 GMT+0900 (GMT+09:00),20730,USER,dbswnschl 가 로그인을(를) 하였음
Fri Oct 04 2019 07:17:40 GMT+0900 (GMT+09:00),20731,USER,dbswnschl 가 로그인을(를) 하였음
Fri Oct 04 2019 07:22:51 GMT+0900 (GMT+09:00),20732,USER,dbswnschl 가 로그인을(를) 하였음
Fri Oct 04 2019 07:24:19 GMT+0900 (GMT+09:00),20733,USER,dbswnschl 가 로그인을(를) 하였음
Fri Oct 04 2019 07:25:50 GMT+0900 (GMT+09:00),20734,USER,dbswnschl 가 로그인을(를) 하였음
Fri Oct 04 2019 07:26:25 GMT+0900 (GMT+09:00),20735,USER,dbswnschl 가 로그인을(를) 하였음
Fri Oct 04 2019 07:28:09 GMT+0900 (GMT+09:00),20736,USER,dbswnschl 가 로그인을(를) 하였음
Fri Oct 04 2019 07:29:46 GMT+0900 (GMT+09:00),20737,USER,dbswnschl 가 로그인을(를) 하였음
Fri Oct 04 2019 07:32:00 GMT+0900 (GMT+09:00),20738,USER,dbswnschl 가 로그인을(를) 하였음
Fri Oct 04 2019 07:33:37 GMT+0900 (GMT+09:00),20739,USER,dbswnschl 가 로그인을(를) 하였음
Fri Oct 04 2019 07:34:29 GMT+0900 (GMT+09:00),20740,USER,dbswnschl 가 로그인을(를) 하였음
Fri Oct 04 2019 07:36:34 GMT+0900 (GMT+09:00),20741,USER,admin 가 로그인을(를) 하였음
Fri Oct 04 2019 07:38:33 GMT+0900 (GMT+09:00),20742,USER,ADMIN 가 로그인을(를) 하였음
Fri Oct 04 2019 07:41:55 GMT+0900 (GMT+09:00),20743,USER,ADMIN 가 로그인을(를) 하였음
Fri Oct 04 2019 07:54:01 GMT+0900 (GMT+09:00),20744,USER,dbswnschl 가 로그인을(를) 하였음
Fri Oct 04 2019 08:14:06 GMT+0900 (GMT+09:00),20745,USER,dbswnschl 가 로그인을(를) 하였음
Fri Oct 04 2019 08:15:38 GMT+0900 (GMT+09:00),20746,USER,dbswnschl 가 로그인을(를) 하였음
Fri Oct 04 2019 08:24:23 GMT+0900 (GMT+09:00),20747,USER,dbswnschl 가 로그인을(를) 하였음
Fri Oct 04 2019 08:29:45 GMT+0900 (GMT+09:00),20748,USER,dbswnschl 가 로그인을(를) 하였음
Tue Oct 08 2019 09:15:03 GMT+0900 (GMT+09:00),20749,USER,admin 가 로그인을(를) 하였음
Tue Oct 08 2019 09:32:27 GMT+0900 (GMT+09:00),20750,USER,admin 가 로그인을(를) 하였음
Tue Oct 08 2019 09:32:47 GMT+0900 (GMT+09:00),20751,USER,admin 가 로그인을(를) 하였음
Tue Oct 08 2019 09:36:41 GMT+0900 (GMT+09:00),20752,USER,admin 가 로그인을(를) 하였음
Tue Oct 08 2019 09:48:53 GMT+0900 (GMT+09:00),20753,USER,admin 가 로그인을(를) 하였음
Tue Oct 08 2019 09:50:30 GMT+0900 (GMT+09:00),20754,USER,admin 가 로그인을(를) 하였음
Tue Oct 08 2019 09:51:55 GMT+0900 (GMT+09:00),20755,USER,admin 가 로그인을(를) 하였음
Tue Oct 08 2019 09:51:55 GMT+0900 (GMT+09:00),20756,USER,admin 가 로그인을(를) 하였음
Tue Oct 08 2019 09:52:58 GMT+0900 (GMT+09:00),20757,USER,admin 가 로그인을(를) 하였음
Tue Oct 08 2019 09:52:58 GMT+0900 (GMT+09:00),20758,USER,admin 가 로그인을(를) 하였음
Tue Oct 08 2019 10:34:40 GMT+0900 (GMT+09:00),20759,USER,admin 가 로그인을(를) 하였음
Tue Oct 08 2019 10:34:40 GMT+0900 (GMT+09:00),20760,USER,admin 가 로그인을(를) 하였음
Tue Oct 08 2019 10:36:40 GMT+0900 (GMT+09:00),20761,USER,admin 가 로그인을(를) 하였음
Tue Oct 08 2019 10:38:44 GMT+0900 (GMT+09:00),20762,USER,admin 가 로그인을(를) 하였음
Tue Oct 08 2019 10:41:34 GMT+0900 (GMT+09:00),20763,USER,admin 가 로그인을(를) 하였음
Tue Oct 08 2019 10:41:34 GMT+0900 (GMT+09:00),20764,USER,admin 가 로그인을(를) 하였음
Tue Oct 08 2019 10:53:09 GMT+0900 (GMT+09:00),20765,USER,admin 가 로그인을(를) 하였음
Tue Oct 08 2019 10:58:47 GMT+0900 (GMT+09:00),20766,USER,admin 가 로그인을(를) 하였음
Tue Oct 08 2019 11:00:41 GMT+0900 (GMT+09:00),20767,USER,admin 가 로그인을(를) 하였음
Tue Oct 08 2019 11:00:41 GMT+0900 (GMT+09:00),20768,USER,admin 가 로그인을(를) 하였음
Tue Oct 08 2019 11:35:10 GMT+0900 (GMT+09:00),20769,USER,admin 가 로그인을(를) 하였음
Tue Oct 08 2019 11:35:11 GMT+0900 (GMT+09:00),20770,USER,admin 가 로그인을(를) 하였음
Tue Oct 08 2019 11:37:01 GMT+0900 (GMT+09:00),20771,USER,admin 가 로그인을(를) 하였음
Tue Oct 08 2019 11:37:01 GMT+0900 (GMT+09:00),20772,USER,admin 가 로그인을(를) 하였음
Tue Oct 08 2019 11:47:33 GMT+0900 (GMT+09:00),20773,USER,admin 가 로그인을(를) 하였음
Tue Oct 08 2019 12:14:18 GMT+0900 (GMT+09:00),20774,USER,admin 가 로그인을(를) 하였음
Tue Oct 08 2019 12:14:18 GMT+0900 (GMT+09:00),20775,USER,admin 가 로그인을(를) 하였음
Tue Oct 08 2019 12:17:51 GMT+0900 (GMT+09:00),20776,USER,admin 가 로그인을(를) 하였음
Tue Oct 08 2019 12:19:18 GMT+0900 (GMT+09:00),20777,USER,admin 가 로그인을(를) 하였음
Tue Oct 08 2019 12:26:07 GMT+0900 (GMT+09:00),20778,USER,admin 가 로그인을(를) 하였음
Tue Oct 08 2019 12:31:36 GMT+0900 (GMT+09:00),20779,USER,admin 가 로그인을(를) 하였음
Tue Oct 08 2019 12:32:34 GMT+0900 (GMT+09:00),20780,USER,admin 가 로그인을(를) 하였음
Tue Oct 08 2019 12:37:35 GMT+0900 (GMT+09:00),20781,USER,admin 가 로그인을(를) 하였음
Tue Oct 08 2019 12:41:06 GMT+0900 (GMT+09:00),20782,USER,admin 가 로그인을(를) 하였음
Tue Oct 08 2019 12:47:17 GMT+0900 (GMT+09:00),20783,USER,admin 가 로그인을(를) 하였음
Tue Oct 08 2019 12:49:34 GMT+0900 (GMT+09:00),20784,USER,admin 가 로그인을(를) 하였음
Tue Oct 08 2019 12:50:49 GMT+0900 (GMT+09:00),20785,USER,admin 가 로그인을(를) 하였음
Tue Oct 08 2019 12:51:24 GMT+0900 (GMT+09:00),20786,USER,admin 가 로그인을(를) 하였음
Tue Oct 08 2019 12:57:42 GMT+0900 (GMT+09:00),20787,USER,admin 가 로그인을(를) 하였음
Tue Oct 08 2019 12:57:42 GMT+0900 (GMT+09:00),20788,USER,admin 가 로그인을(를) 하였음
Tue Oct 08 2019 13:00:34 GMT+0900 (GMT+09:00),20789,USER,admin 가 로그인을(를) 하였음
Tue Oct 08 2019 13:04:55 GMT+0900 (GMT+09:00),20790,USER,admin 가 로그인을(를) 하였음
Tue Oct 08 2019 13:05:28 GMT+0900 (GMT+09:00),20791,USER,admin 가 로그인을(를) 하였음
Tue Oct 08 2019 13:07:44 GMT+0900 (GMT+09:00),20792,USER,admin 가 로그인을(를) 하였음
Tue Oct 08 2019 13:12:54 GMT+0900 (GMT+09:00),20793,USER,admin 가 로그인을(를) 하였음
Tue Oct 08 2019 13:13:47 GMT+0900 (GMT+09:00),20794,USER,admin 가 로그인을(를) 하였음
Tue Oct 08 2019 13:16:11 GMT+0900 (GMT+09:00),20795,USER,admin 가 로그인을(를) 하였음
Tue Oct 08 2019 13:18:49 GMT+0900 (GMT+09:00),20796,USER,admin 가 로그인을(를) 하였음
Tue Oct 08 2019 13:18:59 GMT+0900 (GMT+09:00),20797,USER,admin 가 로그인을(를) 하였음
Tue Oct 08 2019 13:19:11 GMT+0900 (GMT+09:00),20798,USER,admin 가 로그인을(를) 하였음
Tue Oct 08 2019 13:19:40 GMT+0900 (GMT+09:00),20799,USER,admin 가 로그인을(를) 하였음
Tue Oct 08 2019 13:24:38 GMT+0900 (GMT+09:00),20800,USER,admin 가 로그인을(를) 하였음
Tue Oct 08 2019 13:24:50 GMT+0900 (GMT+09:00),20801,USER,admin 가 로그인을(를) 하였음
Tue Oct 08 2019 13:27:57 GMT+0900 (GMT+09:00),20802,USER,admin 가 로그인을(를) 하였음
Tue Oct 08 2019 13:28:22 GMT+0900 (GMT+09:00),20803,USER,admin 가 로그인을(를) 하였음
Tue Oct 08 2019 13:43:56 GMT+0900 (GMT+09:00),20804,USER,admin 가 로그인을(를) 하였음
Tue Oct 08 2019 13:56:08 GMT+0900 (GMT+09:00),20805,USER,admin 가 로그인을(를) 하였음
Tue Oct 08 2019 13:57:34 GMT+0900 (GMT+09:00),20806,USER,admin 가 로그인을(를) 하였음
Tue Oct 08 2019 14:03:58 GMT+0900 (GMT+09:00),20807,USER,admin 가 로그인을(를) 하였음
Tue Oct 08 2019 14:22:48 GMT+0900 (GMT+09:00),20808,USER,admin 가 로그인을(를) 하였음
Tue Oct 08 2019 14:31:56 GMT+0900 (GMT+09:00),20809,USER,admin 가 로그인을(를) 하였음
Tue Oct 08 2019 14:33:35 GMT+0900 (GMT+09:00),20810,USER,admin 가 로그인을(를) 하였음
Thu Oct 10 2019 02:14:54 GMT+0900 (GMT+09:00),20811,USER,admin 가 로그인을(를) 하였음
Mon Oct 14 2019 02:39:19 GMT+0900 (GMT+09:00),20812,USER,admin 가 로그인을(를) 하였음
Mon Oct 14 2019 02:40:00 GMT+0900 (GMT+09:00),20813,USER,admin 가 로그인을(를) 하였음
Mon Oct 14 2019 02:40:35 GMT+0900 (GMT+09:00),20814,USER,admin 가 로그인을(를) 하였음
Mon Oct 14 2019 04:38:36 GMT+0900 (GMT+09:00),20815,USER,admin 가 로그인을(를) 하였음
Mon Oct 14 2019 08:20:44 GMT+0900 (GMT+09:00),20816,USER,admin 가 로그인을(를) 하였음
Mon Oct 14 2019 08:22:50 GMT+0900 (GMT+09:00),20817,AGENT,admin 가 에이전트 등록을(를) 하였음
Tue Oct 15 2019 05:47:30 GMT+0900 (GMT+09:00),20818,USER,admin 가 로그인을(를) 하였음
Tue Oct 15 2019 05:50:45 GMT+0900 (GMT+09:00),20819,USER,admin 가 로그인을(를) 하였음
Tue Oct 15 2019 06:00:45 GMT+0900 (GMT+09:00),20820,USER,admin 가 로그인을(를) 하였음
Tue Oct 15 2019 06:00:45 GMT+0900 (GMT+09:00),20821,USER,admin 가 로그인을(를) 하였음
Tue Oct 15 2019 06:01:02 GMT+0900 (GMT+09:00),20822,USER,admin 가 로그인을(를) 하였음
Tue Oct 15 2019 06:25:08 GMT+0900 (GMT+09:00),20823,USER,admin 가 로그인을(를) 하였음
Tue Oct 15 2019 06:25:32 GMT+0900 (GMT+09:00),20824,GROUP,admin 가 그룹 에이전트 할당 정보 수정을(를) 하였음
Tue Oct 15 2019 06:25:41 GMT+0900 (GMT+09:00),20825,GROUP,admin 가 그룹 에이전트 할당 정보 수정을(를) 하였음
Thu Oct 17 2019 22:28:29 GMT+0900 (GMT+09:00),20826,USER,ADMIN 가 로그인을(를) 하였음
Thu Oct 17 2019 22:39:37 GMT+0900 (GMT+09:00),20827,USER,admin 가 로그인을(를) 하였음
Thu Oct 17 2019 22:54:37 GMT+0900 (GMT+09:00),20828,USER,admin 가 로그인을(를) 하였음
Thu Oct 17 2019 22:57:04 GMT+0900 (GMT+09:00),20829,USER,admin 가 로그인을(를) 하였음
Thu Oct 17 2019 23:01:41 GMT+0900 (GMT+09:00),20830,USER,admin 가 로그인을(를) 하였음
Thu Oct 17 2019 23:33:04 GMT+0900 (GMT+09:00),20831,USER,admin 가 로그인을(를) 하였음
Thu Oct 17 2019 23:34:11 GMT+0900 (GMT+09:00),20832,USER,admin 가 로그인을(를) 하였음
Thu Oct 17 2019 23:37:07 GMT+0900 (GMT+09:00),20833,USER,admin 가 로그인을(를) 하였음
Thu Oct 17 2019 23:41:46 GMT+0900 (GMT+09:00),20834,USER,admin 가 로그인을(를) 하였음
Thu Oct 17 2019 23:44:37 GMT+0900 (GMT+09:00),20835,USER,admin 가 로그인을(를) 하였음
Thu Oct 17 2019 23:45:51 GMT+0900 (GMT+09:00),20836,USER,admin 가 로그인을(를) 하였음
Thu Oct 17 2019 23:47:50 GMT+0900 (GMT+09:00),20837,USER,admin 가 로그인을(를) 하였음
Thu Oct 17 2019 23:49:02 GMT+0900 (GMT+09:00),20838,USER,admin 가 로그인을(를) 하였음
Fri Oct 18 2019 10:19:30 GMT+0900 (GMT+09:00),20839,USER,admin 가 로그인을(를) 하였음
Fri Oct 18 2019 10:25:57 GMT+0900 (GMT+09:00),20840,USER,admin 가 로그인을(를) 하였음
Fri Oct 18 2019 10:32:39 GMT+0900 (GMT+09:00),20841,USER,admin 가 로그인을(를) 하였음
Fri Oct 18 2019 10:38:47 GMT+0900 (GMT+09:00),20842,USER,admin 가 로그인을(를) 하였음
Fri Oct 18 2019 10:38:49 GMT+0900 (GMT+09:00),20843,USER,admin 가 로그인을(를) 하였음
Fri Oct 18 2019 10:42:13 GMT+0900 (GMT+09:00),20844,USER,admin 가 로그인을(를) 하였음
Fri Oct 18 2019 10:42:58 GMT+0900 (GMT+09:00),20845,USER,admin 가 로그인을(를) 하였음
Fri Oct 18 2019 10:45:29 GMT+0900 (GMT+09:00),20846,USER,admin 가 로그인을(를) 하였음
Fri Oct 18 2019 10:50:02 GMT+0900 (GMT+09:00),20847,USER,admin 가 로그인을(를) 하였음
Fri Oct 18 2019 10:53:26 GMT+0900 (GMT+09:00),20848,USER,admin 가 로그인을(를) 하였음
Fri Oct 18 2019 10:59:12 GMT+0900 (GMT+09:00),20849,USER,admin 가 로그인을(를) 하였음
Fri Oct 18 2019 10:59:13 GMT+0900 (GMT+09:00),20850,USER,admin 가 로그인을(를) 하였음
Fri Oct 18 2019 11:15:01 GMT+0900 (GMT+09:00),20851,USER,admin 가 로그인을(를) 하였음
Fri Oct 18 2019 11:20:29 GMT+0900 (GMT+09:00),20852,USER,admin 가 로그인을(를) 하였음
Fri Oct 18 2019 11:22:04 GMT+0900 (GMT+09:00),20853,USER,admin 가 로그인을(를) 하였음
Fri Oct 18 2019 11:23:01 GMT+0900 (GMT+09:00),20854,USER,admin 가 로그인을(를) 하였음
Fri Oct 18 2019 11:27:23 GMT+0900 (GMT+09:00),20855,USER,admin 가 로그인을(를) 하였음
Fri Oct 18 2019 11:27:24 GMT+0900 (GMT+09:00),20856,USER,admin 가 로그인을(를) 하였음
Fri Oct 18 2019 11:27:24 GMT+0900 (GMT+09:00),20857,USER,admin 가 로그인을(를) 하였음
Fri Oct 18 2019 11:39:44 GMT+0900 (GMT+09:00),20858,USER,admin 가 로그인을(를) 하였음
Fri Oct 18 2019 11:39:45 GMT+0900 (GMT+09:00),20859,USER,admin 가 로그인을(를) 하였음
Fri Oct 18 2019 11:41:19 GMT+0900 (GMT+09:00),20860,USER,admin 가 로그인을(를) 하였음
Fri Oct 18 2019 11:42:16 GMT+0900 (GMT+09:00),20861,USER,admin 가 로그인을(를) 하였음
Fri Oct 18 2019 11:42:16 GMT+0900 (GMT+09:00),20862,USER,admin 가 로그인을(를) 하였음
Fri Oct 18 2019 11:44:26 GMT+0900 (GMT+09:00),20863,USER,admin 가 로그인을(를) 하였음
Fri Oct 18 2019 11:44:28 GMT+0900 (GMT+09:00),20864,USER,admin 가 로그인을(를) 하였음
Fri Oct 18 2019 11:46:01 GMT+0900 (GMT+09:00),20865,USER,admin 가 로그인을(를) 하였음
Fri Oct 18 2019 11:47:21 GMT+0900 (GMT+09:00),20866,USER,admin 가 로그인을(를) 하였음
Fri Oct 18 2019 11:47:21 GMT+0900 (GMT+09:00),20867,USER,admin 가 로그인을(를) 하였음
Fri Oct 18 2019 11:47:21 GMT+0900 (GMT+09:00),20868,USER,admin 가 로그인을(를) 하였음
Fri Oct 18 2019 11:48:15 GMT+0900 (GMT+09:00),20869,USER,admin 가 로그인을(를) 하였음
Fri Oct 18 2019 11:48:16 GMT+0900 (GMT+09:00),20870,USER,admin 가 로그인을(를) 하였음
Fri Oct 18 2019 11:54:44 GMT+0900 (GMT+09:00),20871,AGENT,admin 가 에이전트 등록을(를) 하였음
Fri Oct 18 2019 11:56:22 GMT+0900 (GMT+09:00),20872,USER,admin 가 로그인을(를) 하였음
Fri Oct 18 2019 11:56:22 GMT+0900 (GMT+09:00),20873,USER,admin 가 로그인을(를) 하였음
Fri Oct 18 2019 11:56:22 GMT+0900 (GMT+09:00),20874,USER,admin 가 로그인을(를) 하였음
Fri Oct 18 2019 11:56:59 GMT+0900 (GMT+09:00),20875,AGENT,admin 가 삭제을(를) 하였음
Fri Oct 18 2019 11:57:11 GMT+0900 (GMT+09:00),20876,AGENT,admin 가 삭제을(를) 하였음
Fri Oct 18 2019 11:57:28 GMT+0900 (GMT+09:00),20877,AGENT,admin 가 삭제을(를) 하였음
Fri Oct 18 2019 11:57:36 GMT+0900 (GMT+09:00),20878,AGENT,admin 가 삭제을(를) 하였음
Fri Oct 18 2019 11:57:41 GMT+0900 (GMT+09:00),20879,AGENT,admin 가 삭제을(를) 하였음
Fri Oct 18 2019 11:58:25 GMT+0900 (GMT+09:00),20880,AGENT,admin 가 에이전트 등록을(를) 하였음
Fri Oct 18 2019 12:00:17 GMT+0900 (GMT+09:00),20881,AGENT,admin 가 삭제을(를) 하였음
Fri Oct 18 2019 12:04:52 GMT+0900 (GMT+09:00),20882,AGENT,admin 가 에이전트 등록을(를) 하였음
Fri Oct 18 2019 12:05:48 GMT+0900 (GMT+09:00),20883,USER,admin 가 로그인을(를) 하였음
Fri Oct 18 2019 12:06:23 GMT+0900 (GMT+09:00),20884,AGENT,admin 가 삭제을(를) 하였음
Fri Oct 18 2019 12:07:11 GMT+0900 (GMT+09:00),20885,AGENT,admin 가 에이전트 등록을(를) 하였음
Fri Oct 18 2019 12:10:41 GMT+0900 (GMT+09:00),20886,USER,admin 가 로그인을(를) 하였음
Fri Oct 18 2019 12:10:41 GMT+0900 (GMT+09:00),20887,USER,admin 가 로그인을(를) 하였음
Fri Oct 18 2019 12:13:09 GMT+0900 (GMT+09:00),20888,AGENT,admin 가 삭제을(를) 하였음
Fri Oct 18 2019 12:15:15 GMT+0900 (GMT+09:00),20889,AGENT,admin 가 에이전트 등록을(를) 하였음
Fri Oct 18 2019 12:16:03 GMT+0900 (GMT+09:00),20890,GROUP,admin 가 그룹 에이전트 할당 정보 수정을(를) 하였음
Fri Oct 18 2019 12:20:14 GMT+0900 (GMT+09:00),20891,USER,admin 가 로그인을(를) 하였음
Fri Oct 18 2019 12:27:08 GMT+0900 (GMT+09:00),20892,USER,admin 가 로그인을(를) 하였음
Fri Oct 18 2019 12:34:59 GMT+0900 (GMT+09:00),20893,USER,admin 가 로그인을(를) 하였음
Fri Oct 18 2019 12:37:13 GMT+0900 (GMT+09:00),20894,USER,admin 가 로그인을(를) 하였음
Fri Oct 18 2019 12:39:32 GMT+0900 (GMT+09:00),20895,USER,admin 가 로그인을(를) 하였음
Fri Oct 18 2019 12:39:32 GMT+0900 (GMT+09:00),20896,USER,admin 가 로그인을(를) 하였음
Fri Oct 18 2019 12:39:32 GMT+0900 (GMT+09:00),20897,USER,admin 가 로그인을(를) 하였음
Fri Oct 18 2019 12:42:33 GMT+0900 (GMT+09:00),20898,USER,admin 가 로그인을(를) 하였음
Fri Oct 18 2019 12:42:33 GMT+0900 (GMT+09:00),20899,USER,admin 가 로그인을(를) 하였음
Sat Oct 19 2019 21:54:26 GMT+0900 (GMT+09:00),20900,USER,admin 가 로그인을(를) 하였음
Sat Oct 19 2019 21:54:53 GMT+0900 (GMT+09:00),20901,USER,ADMIN 가 로그인을(를) 하였음
Sat Oct 19 2019 21:55:31 GMT+0900 (GMT+09:00),20902,USER,ADMIN 가 로그인을(를) 하였음
Mon Oct 21 2019 23:19:12 GMT+0900 (GMT+09:00),20903,USER,ADMIN 가 로그인을(를) 하였음
Tue Oct 22 2019 02:06:32 GMT+0900 (GMT+09:00),20904,USER,ADMIN 가 로그인을(를) 하였음
Tue Oct 22 2019 06:12:21 GMT+0900 (GMT+09:00),20905,USER,admin 가 로그인을(를) 하였음
